DATE,TESTER,PRODUCT,LOT NUMBER,TEST STEP,DATE LOT STARTED,LAST UPDATE,TOTAL IN,HANDLER,STATUS,LOADING COUNTS,TOTAL,AUTO1,AUTO2,AUTO3,LAST UPDATE (2),ENDLOT,ENDLOT_TESTER_RAW
2026-01-16 11:26:50,S100_1,ES9843QPRO,TGWFS0XW86,70C_FT1,2026-01-16 11:20:14,2026-01-16 11:20:14,60181,NS-3,error,22416,22343,17124,2959,2237,2026-01-16 11:21:54,0,
2026-01-16 11:30:22,HP-1,ESCR03W,TGWAS08T65,FT,2025-10-02 10:47:30,2025-10-16 17:17:34,76775,NS-3,error,22416,22343,17124,2959,2237,2026-01-16 11:21:54,0,
2026-01-16 11:37:24,S100_1,ES9843QPRO,TGWFS0XW86,70C_FT1,2026-01-16 11:20:14,2026-01-16 11:20:14,60181,NS-3,error,22416,22343,17124,2959,2237,2026-01-16 11:32:29,0,
2026-01-16 22:08:28,AP-2,ES9822,TGWBS04R21,25C_BIN1_65C_FT-1,2026-01-16 10:55:00,2026-01-16 21:37:59,56858,NS-5,error,4542,4471,2316,573,1413,2026-01-16 21:36:47,0,
2026-01-16 22:15:30,AP-2,ES9822,TGWBS04R21,25C_BIN1_65C_FT-1,2026-01-16 10:55:00,2026-01-16 21:37:59,56858,NS-5,error,4542,4471,2316,573,1413,2026-01-16 21:43:03,0,
2026-01-17 10:49:10,HP-1,ESCR03W,TGWAS08T65,FT,2025-10-02 10:47:30,2025-10-16 17:17:34,76775,NS-3,error,28188,28109,21594,3769,2718,2026-01-17 10:17:38,0,
2026-01-17 10:59:42,AP-2,ES9822,TGWBS04R21,25C_BIN1_65C_FT-1,2026-01-16 10:55:00,2026-01-16 21:37:59,56858,NS-5,stopped,4542,4471,2316,573,1413,2026-01-17 10:26:22,0,
2026-01-17 11:17:16,HP-2,ES982X,TGWDSXX959,FT,2026-01-08 13:33:35,2026-01-08 13:33:35,135393,CHROMA,error,90123,90116,87034,2044,1038,2026-01-17 10:47:10,0,
2026-01-17 13:26:59,AP-2,ES9822,TGWBS04R21,25C_BIN1_65C_FT-1,2026-01-16 10:55:00,2026-01-16 21:37:59,56858,NS-5,maint,4542,4471,2316,573,1413,2026-01-17 12:54:20,0,
2026-01-18 18:33:54,HP-1,ESCR03W,TGWAS08T65,FT,2025-10-02 10:47:30,2025-10-16 17:17:34,76775,NS-3,error,31344,31265,1,1,2974,2026-01-18 18:26:31,0,
2026-01-19 09:22:41,S100_1,ES9843QPRO,TGWFS0XW86,70C_FT1,2026-01-16 11:20:14,2026-01-19 09:05:34,60181,NS-3,stopped,35936,35873,5,4,3338,2026-01-19 09:16:20,0,
2026-01-19 09:32:49,HP-1,ESCR03W,TGWAS08T65,FT,2025-10-02 10:47:30,2025-10-16 17:17:34,76775,NS-3,stopped,35936,35873,5,4,3338,2026-01-19 09:21:30,0,
2026-01-19 09:43:29,S100_1,ES9843QPRO,TGWFS0XW86,70C_FT1,2026-01-16 11:20:14,2026-01-19 09:05:34,60181,NS-3,stopped,35936,35873,5,4,3338,2026-01-19 09:36:57,0,
2026-01-19 09:50:39,HP-1,ESCR03W,TGWAS08T65,FT,2025-10-02 10:47:30,2025-10-16 17:17:34,76775,NS-3,stopped,35936,35873,5,4,3338,2026-01-19 09:42:06,0,
2026-01-19 10:01:13,S100_1,ES9843QPRO,TGWFS0XW86,70C_FT1,2026-01-16 11:20:14,2026-01-19 09:05:34,60181,NS-3,stopped,35936,35873,5,4,3338,2026-01-19 09:57:34,0,
2026-01-19 10:04:45,HP-1,ESCR03W,TGWAS08T65,FT,2025-10-02 10:47:30,2025-10-16 17:17:34,76775,NS-3,stopped,35936,35873,5,4,3338,2026-01-19 09:57:34,0,
2026-01-19 10:08:15,S100_1,ES9843QPRO,TGWFS0XW86,70C_FT1,2026-01-16 11:20:14,2026-01-19 09:05:34,60181,NS-3,stopped,35936,35873,5,4,3338,2026-01-19 10:02:43,0,
2026-01-19 10:11:49,HP-1,ESCR03W,TGWAS08T65,FT,2025-10-02 10:47:30,2025-10-16 17:17:34,76775,NS-3,stopped,35936,35873,5,4,3338,2026-01-19 10:07:52,0,
2026-01-19 10:22:19,S100_1,ES9843QPRO,TGWFS0XW86,70C_FT1,2026-01-16 11:20:14,2026-01-19 09:05:34,60181,NS-3,stopped,35936,35873,5,4,3338,2026-01-19 10:18:11,0,
2026-01-19 10:25:59,S100_2,ES9822QPRO,TGWBS04R21,FT1,2026-01-13 12:25:08,2026-01-19 10:22:15,56858,NS-4,running,45503,45494,3257,0,5844,2026-01-19 10:21:46,0,
2026-01-19 15:26:02,HP-1,ESCR03W,TGWAS08T65,FT,2025-10-02 10:47:30,2025-10-16 17:17:34,76775,NS-3,stopped,35936,35873,5,4,3338,2026-01-19 15:22:12,0,
2026-01-19 15:56:14,HP-1,ESCR03W,TGWAS08T65,FT,2025-10-02 10:47:30,2025-10-16 17:17:34,76775,NS-3,running,35936,35873,5,4,3338,2026-01-19 15:47:59,0,
2026-01-19 16:06:44,AP-2,ES9822,TGWBS04R21,25C_BIN1_65C_FT-1,2026-01-16 10:55:00,2026-01-19 16:02:22,56858,NS-5,running,8874,8798,1,81,2708,2026-01-19 15:59:53,0,
2026-01-19 16:20:46,AP-2,ES9822,TGWBS04R21,25C_BIN1_65C_FT-1,2026-01-16 10:55:00,2026-01-19 16:17:11,56858,NS-5,running,8962,8886,1,1,2735,2026-01-19 16:15:23,0,
2026-01-19 17:23:55,HP-2,ES982X,TGWDSXX959,FT,2026-01-08 13:33:35,2026-01-08 13:33:35,135393,CHROMA,running,100869,100362,16711,2421,1140,2026-01-19 17:15:45,0,
2026-01-19 17:41:27,AP-2,ES9822,TGWBS04R21,25C_BIN1_65C_FT-1,2026-01-16 10:55:00,2026-01-19 17:37:52,56858,NS-5,running,9394,9318,1,118,2841,2026-01-19 17:33:01,0,
2026-01-19 17:48:29,HP-2,ES982X,TGWDSXX959,FT,2026-01-08 13:33:35,2026-01-08 13:33:35,135393,CHROMA,running,100681,100624,16818,2430,1201,2026-01-19 17:41:46,0,
2026-01-19 19:09:09,AP-2,ES9822,TGWBS04R21,25C_BIN1_65C_FT-1,2026-01-16 10:55:00,2026-01-19 19:05:14,56858,NS-5,running,9598,9522,1,11,2889,2026-01-19 19:00:45,0,
2026-01-19 20:40:21,AP-2,ES9822,TGWBS04R21,25C_BIN1_65C_FT-1,2026-01-16 10:55:00,2026-01-19 20:36:45,56858,NS-5,running,10202,10124,1,4,3013,2026-01-19 20:34:05,0,
2026-01-20 10:49:54,S100_1,ES9843QPRO,TDWDS13A84,70C_FT1,2026-01-20 09:20:54,2026-01-20 09:23:43,,NS-3,error,35936,35873,5,4,3338,2026-01-20 10:42:34,0,
2026-01-20 12:17:38,S100_1,ES9291Q,TDWDS13A84,FT1,2026-01-20 10:46:13,2026-01-20 12:14:03,,NS-3,running,688,680,1,11,93,2026-01-20 12:10:35,0,
2026-01-20 12:21:08,S100_1,ES9291Q,TDWDS13A84,NA,2026-01-20 10:46:13,2026-01-20 12:17:30,,NS-3,running,736,728,1,11,97,2026-01-20 12:15:45,0,
2026-01-20 12:35:12,S100_1,ES9291Q,TGWDS13A84,70C_FT1,2026-01-20 10:46:13,2026-01-20 12:31:33,64285,NS-3,running,880,872,7,11,116,2026-01-20 12:31:18,0,
2026-01-20 12:38:42,S100_1,ES9291Q,TGWDS13A84,NA,2026-01-20 12:32:55,2026-01-20 12:35:06,64285,NS-3,running,880,872,7,11,116,2026-01-20 12:31:18,0,
2026-01-20 12:59:46,S100_1,ES9291Q,TGWDS13A84,70C_FT1,2026-01-20 12:32:55,2026-01-20 12:39:05,64285,NS-3,stopped,928,918,3,11,122,2026-01-20 12:51:59,0,
2026-01-20 13:03:16,S100_1,ES9291Q,TGWDS13A84,NA,2026-01-20 12:58:44,2026-01-20 12:59:41,64285,NS-3,stopped,928,918,3,11,122,2026-01-20 12:57:09,0,
2026-01-20 15:23:33,S100_2,ES9822QPRO,TGWBS04R21,25CC_FT1,2026-01-14 09:11:54,2026-01-20 15:11:51,56858,NS-4,stopped,56854,56848,1123,8521,7204,2026-01-20 15:19:44,0,
2026-01-21 10:36:21,S100_1,ES9291Q,TGWDS13A84,70C_FT1,2026-01-20 12:32:50,2026-01-21 10:28:39,64285,NS-3,stopped,8940,8931,6467,0,2444,2026-01-21 10:32:23,0,
2026-01-21 12:18:17,S100_1,ES9291Q,TGWDS13A84,NA,2026-01-21 10:32:05,2026-01-21 10:37:03,64285,NS-3,stopped,8940,8931,6467,0,2444,2026-01-21 12:00:36,0,
2026-01-21 13:46:07,S100_1,ES9291Q,TGWDS13A84,70C_FT1,2026-01-20 12:32:50,2026-01-21 13:42:22,64285,NS-3,running,9780,9771,7127,0,2623,2026-01-21 13:42:08,0,
2026-01-21 13:49:39,S100_2,ES9822QPRO,TGWBS04R21,B34_25C_FT1-RT1,2026-01-20 15:22:03,2026-01-21 13:46:02,7204,NS-4,running,6498,6493,723,463,5307,2026-01-21 13:45:36,0,
2026-01-21 16:20:26,S100_2,ES9822QPRO,TGWBS04R21,B34_25C_FT1-RT1,2026-01-20 15:22:03,2026-01-21 15:57:28,7204,NS-4,stopped,7204,7204,1006,567,5631,2026-01-21 15:59:21,0,
2026-01-21 16:41:34,S100_2,ES9822QPRO,TGWBS04R21,B1_25CC_EQ1,2026-01-21 16:35:41,2026-01-21 16:35:41,7204,NS-4,stopped,7204,7204,1006,567,5631,2026-01-21 16:37:48,0,
2026-01-22 02:59:32,HP-2,ES982X,TGWDSXX959,FT,2026-01-08 13:33:35,2026-01-08 13:33:35,135393,CHROMA,error,124349,124341,120254,2799,1288,2026-01-22 02:55:40,0,
2026-01-22 02:59:32,S100_1,ES9291Q,TGWDS13A84,70C_FT1,2026-01-20 12:32:50,2026-01-22 02:55:42,64285,NS-3,running,16720,16710,13101,0,3570,2026-01-22 02:55:37,0,
2026-01-22 02:59:32,AP-2,ES9822,TGWBS04R21,25C_BIN1_65C_FT-1,2026-01-16 10:55:00,2026-01-21 21:48:42,41123,NS-5,error,29862,29786,18619,3049,7552,2026-01-22 02:55:49,0,
2026-01-22 09:45:13,S100_2,ES9842QPRO,TGWBS02G30,FT1,2026-01-22 09:39:31,2026-01-22 09:39:31,56860,NS-4,maint,2998,2997,1324,721,361,2026-01-22 09:41:14,0,
2026-01-22 10:20:21,S100_2,ES9842QPRO,TGWBS02G30,25CC_FT1,2026-01-21 17:40:03,2026-01-22 09:46:23,56860,NS-4,stopped,2998,2997,1324,721,361,2026-01-22 10:02:28,0,
2026-01-22 11:58:59,HP-2,ES982X,TGWDSXX959,FT,2026-01-08 13:33:35,2026-01-08 13:33:35,135393,CHROMA,running,127108,127099,122960,2812,1327,2026-01-22 11:55:13,0,
2026-01-22 11:58:59,S100_1,ES9291Q,TGWDS13A84,70C_FT1,2026-01-20 12:32:50,2026-01-22 11:55:20,64285,NS-3,running,21184,21176,16861,0,4272,2026-01-22 11:55:15,0,
2026-01-22 11:58:59,S100_2,ES9842QPRO,TGWBS02G30,FT1,2026-01-22 09:39:31,2026-01-22 11:55:21,56860,NS-4,running,3627,3622,1580,2,453,2026-01-22 11:54:55,0,
2026-01-22 11:58:59,AP-2,ES9822,TGWBS04R21,25C_BIN1_65C_FT-1,2026-01-16 10:55:00,2026-01-22 11:55:18,42129,NS-5,running,32218,32140,20349,3284,7914,2026-01-22 11:55:01,0,
2026-01-22 12:20:07,S100_2,ES9842QPRO,TGWBS02G30,FT1,2026-01-22 09:39:31,2026-01-22 12:02:32,56860,NS-4,running,3674,3669,1607,4,455,2026-01-22 12:02:23,0,
2026-01-23 08:13:12,AP-2,ES9822,TGWBS04R21,25C_BIN1_65C_FT-1,2026-01-16 10:55:00,2026-01-23 07:57:55,42129,NS-5,running,42133,42123,7456,4286,9692,2026-01-23 08:09:29,0,
2026-01-23 08:55:17,S100_1,ES9291Q,TGWDS13A84,70C_FT1,2026-01-20 12:32:50,2026-01-23 08:51:39,64285,NS-3,running,21184,21176,16861,0,4272,2026-01-23 08:50:17,0,
2026-01-23 09:33:49,HP-2,ES982X,TGWDSXX959,FT,2026-01-08 13:33:35,2026-01-08 13:33:35,135393,CHROMA,running,131685,131675,127400,2919,1356,2026-01-23 09:30:05,0,
2026-01-23 15:13:48,HP-2,ES982X,TGWDSXX959,FT,2026-01-23 09:33:08,2026-01-23 09:34:58,3718,CHROMA,error,9,9,1,1,1,2026-01-23 14:43:09,0,
2026-01-23 16:27:24,HP-2,ES982X,TGWDSXX959,FT,2026-01-23 09:33:08,2026-01-23 09:34:58,3718,CHROMA,error,9,9,1,1,1,2026-01-23 15:55:03,0,
2026-01-24 13:43:52,S100_1,ES9291Q,TGWDS13A84,FT1,2026-01-19 16:37:00,2026-01-24 09:59:23,64285,NS-3,error,38213,38202,32041,0,6080,2026-01-24 13:39:56,0,
2026-01-24 22:22:27,S100_1,ES9291Q,TGWDS13A84,70C_FT1,2026-01-20 12:32:50,2026-01-24 20:25:30,64285,NS-3,stopped,39141,39129,32895,0,6152,2026-01-24 21:49:27,0,
2026-01-24 22:22:27,S100_2,ES9842QPRO,TGWBS02G30,25C_FT1,2026-01-22 12:14:45,2026-01-24 20:25:37,56860,NS-4,stopped,14894,14889,5890,3381,2556,2026-01-24 21:49:23,0,
2026-01-24 22:22:27,AP-2,ES9822,TGWBS04R21,25C_BIN4_65C_RT-1,2026-01-23 08:10:00,2026-01-24 22:18:43,9692,NS-5,running,7316,7250,3348,802,3052,2026-01-24 21:49:27,0,
2026-01-26 22:39:23,S100_1,ES9291Q,TGWDS13A84,70C_FT1,2026-01-20 12:32:50,2026-01-26 22:35:48,64285,NS-3,running,42561,42542,35570,0,6884,2026-01-26 22:08:26,0,
2026-01-26 23:00:25,S100_2,ES9842QPRO,TGWBS02G30,25C_FT1,2026-01-22 12:14:45,2026-01-26 22:56:50,56860,NS-4,running,17119,17107,6742,3899,2984,2026-01-26 22:27:01,0,
2026-01-26 23:56:37,S100_1,ES9291Q,TGWDS13A84,70C_FT1,2026-01-20 12:32:50,2026-01-26 23:53:01,64285,NS-3,running,43285,43264,35570,0,7081,2026-01-26 23:23:05,0,
2026-01-27 10:23:17,S100_1,ES9291Q,TGWDS13A84,70C_FT1,2026-01-20 12:32:50,2026-01-27 10:19:37,64285,NS-3,running,49313,49294,97,0,8699,2026-01-27 09:50:33,0,
2026-01-28 13:24:46,HP-2,ES982X,TGWDSXX959,FT,2026-01-23 09:33:08,2026-01-27 17:17:23,135393,CHROMA,running,134501,134482,138897,3814,1371,2026-01-28 09:37:48,0,
2026-01-28 13:24:46,S100_1,ES9291Q,TGWDS13A84,70C_FT1,2026-01-20 12:32:50,2026-01-28 09:38:01,64285,NS-3,running,62529,62510,52656,0,9720,2026-01-28 09:33:11,0,
2026-01-28 13:56:28,AP-2,ES9822,TGWBS04R21,25C_BIN2_65C_FT-1,2026-01-16 10:55:00,2026-01-28 13:52:48,9088,NS-5,running,9109,9078,3754,959,4311,2026-01-28 13:51:44,0,
2026-01-28 18:42:59,HP-2,ES982X,TGWDSXX959,RT1,2026-01-28 11:02:54,2026-01-28 11:02:54,4402,CHROMA,running,0,0,8,8,8,2026-01-28 18:39:09,0,
2026-01-29 08:52:37,S100_2,ES9842QPRO,TGWBS02G30,25C_FT1,2026-01-29 08:42:12,2026-01-29 08:42:12,56860,NS-4,maint,26416,26404,25,6275,5824,2026-01-29 08:48:57,0,
2026-01-29 09:16:34,HP-2,ES982X,TGWDSXX959,RT2,2026-01-28 18:44:12,2026-01-28 18:44:12,4402,CHROMA,running,3491,3491,8,2987,496,2026-01-29 09:12:40,0,
2026-01-29 09:40:28,HP-2,ES982X,TGWDSXX959,QA,2026-01-29 09:16:39,2026-01-29 09:16:39,4402,CHROMA,running,200,200,208,8,8,2026-01-29 09:36:49,0,
2026-01-29 13:37:02,AP-2,ES9822,TGWBS04R21,25C_BIN4_65C_RT-1,2026-01-23 08:10:00,2026-01-29 12:52:06,3769,NS-5,maint,4317,4285,343,190,3743,2026-01-29 13:30:31,0,
2026-01-29 13:50:40,S100_1,ES9291Q,TGWDS13A84,B34_70C_FT1-RT1,2026-01-29 08:46:56,2026-01-29 08:46:56,9850,NS-3,stopped,9852,9793,5719,0,4045,2026-01-29 13:44:47,0,
2026-01-29 15:32:57,S100_2,ES9842QPRO,TGWBS02G30,25CC_FT,2026-01-29 08:50:49,2026-01-29 15:29:12,56860,NS-4,running,28142,28130,9897,70,6440,2026-01-29 15:24:22,0,
2026-01-29 15:56:47,S100_2,ES9842QPRO,TGWBS02G30,25CC_FT1,2026-01-21 17:40:03,2026-01-29 15:33:41,56860,NS-4,stopped,28142,28130,9897,70,6440,2026-01-29 15:50:15,0,
2026-01-29 19:41:43,S100_1,ES9291Q,TGWDS13A84,B34_70C_FT1-RT2,2026-01-29 18:07:31,2026-01-29 18:07:31,9850,NS-3,stopped,4076,4016,576,0,3421,2026-01-29 19:37:24,0,
2026-01-29 19:48:33,HP-1,ESCR03W,TGWAS08T65,FT,2025-10-02 10:47:30,2025-10-16 17:17:34,76775,NS-3,stopped,4076,4016,576,0,3421,2026-01-29 19:42:33,0,
2026-01-30 09:36:44,S100_1,ES9291Q,TGWDS13A84,B1_25C_FT2,2026-01-29 19:47:13,2026-01-30 09:10:16,9850,NS-3,running,340,318,216,0,102,2026-01-30 09:09:02,0,
2026-01-30 09:36:44,AP-2,ES9842,TGWBS02G30,25C_BIN1_65C_FT-1,2026-01-29 13:35:00,2026-01-30 09:07:31,56860,NS-5,error,5952,5885,2498,1616,1385,2026-01-30 09:07:11,0,
2026-01-30 09:47:36,AP-2,ES9821,TGWDSXX959,25C_BIN1_25C_FT-1,2026-01-12 11:22:00,2026-01-30 09:43:58,131938,CHROMA,running,3872,3868,3772,15,81,2026-01-30 09:43:59,0,
2026-01-30 09:51:04,AP-2,ES9842,TGWBS02G30,25C_BIN1_65C_FT-1,2026-01-29 13:35:00,2026-01-30 09:47:30,56860,NS-5,error,5952,5885,2498,1616,1385,2026-01-30 09:43:26,0,
2026-01-30 09:51:14,AP-2,ES9821,TGWDSXX959,25C_BIN1_25C_FT-1,2026-01-12 11:22:00,2026-01-30 09:51:00,131938,CHROMA,running,3913,3909,3813,15,81,2026-01-30 09:50:38,0,
2026-01-30 12:18:17,AP-1,ES9821,TGWDSXX959,25C_BIN1_25C_FT-1,2026-01-30 09:12:00,2026-01-30 12:14:42,131938,CHROMA,running,4787,4782,4656,19,187,2026-01-30 12:14:26,0,
2026-01-30 13:29:46,S100_1,ES9291Q,TGWDS13A84,25C,2026-01-30 09:20:47,2026-01-30 13:26:12,60418,NS-3,running,2308,2287,1925,0,361,2026-01-30 12:57:58,0,
2026-01-30 13:33:10,AP-1,ES9821,TGWDSXX959,25C_BIN1_25C_FT-1,2026-01-30 09:12:00,2026-01-30 13:29:37,131938,CHROMA,error,4931,4928,4797,19,112,2026-01-30 13:02:29,0,
2026-01-30 13:33:10,S100_2,ES9842QPRO,TGWBS02G30,FT1,2026-01-22 09:39:31,2026-01-30 13:29:42,56860,NS-4,running,34488,34475,12583,46,7492,2026-01-30 13:02:03,0,
2026-01-30 13:33:10,AP-2,ES9842,TGWBS02G30,25C_BIN1_65C_FT-1,2026-01-29 13:35:00,2026-01-30 13:29:29,56860,NS-5,running,1240,1174,651,98,410,2026-01-30 13:00:30,0,
2026-01-30 15:15:50,AP-1,ES9821,TGWDSXX959,25C_BIN1_25C_FT-1,2026-01-30 09:12:00,2026-01-30 15:12:14,131938,CHROMA,running,5657,5653,5585,27,121,2026-01-30 15:12:01,0,
2026-01-30 18:59:27,AP-1,ES9821,TGWDSXX959,25C_BIN1_25C_FT-1,2026-01-30 09:12:00,2026-01-30 18:55:56,131938,CHROMA,running,7020,7015,6825,33,157,2026-01-30 18:55:47,0,
2026-01-30 21:55:13,AP-1,ES9821,TGWDSXX959,25C_BIN1_25C_FT-1,2026-01-30 09:12:00,2026-01-30 21:51:36,131938,CHROMA,running,8090,8085,7868,39,186,2026-01-30 21:51:31,0,
2026-01-31 00:40:46,AP-1,ES9821,TGWDSXX959,25C_BIN1_25C_FT-1,2026-01-30 09:12:00,2026-01-30 22:15:10,131938,CHROMA,error,8129,8124,7896,0,188,2026-01-31 00:37:07,0,
2026-01-31 03:43:51,AP-1,ES9821,TGWDSXX959,25C_BIN1_25C_FT-1,2026-01-30 09:12:00,2026-01-30 22:15:10,131938,CHROMA,error,8129,8124,7896,0,188,2026-01-31 03:12:50,0,
2026-02-02 10:15:15,AP-1,ES9821,TGWDSXX959,25C_BIN1_25C_FT-1,2026-01-30 09:12:00,2026-02-02 10:11:36,131938,CHROMA,running,8655,8644,8398,0,202,2026-02-02 10:06:34,0,
2026-02-02 13:59:40,AP-1,ES9821,TGWDSXX959,25C_BIN1_25C_FT-1,2026-01-30 09:12:00,2026-02-02 13:56:04,131938,CHROMA,running,10040,10029,9724,55,250,2026-02-02 13:54:01,0,
2026-02-02 14:48:02,AP-2,ES9842,TGWBS02G30,25C_BIN1_65C_FT-1,2026-01-29 13:35:00,2026-02-02 14:30:26,56860,NS-5,stopped,14072,13999,7763,1081,4910,2026-02-02 14:43:31,0,
2026-02-02 15:05:29,S100_1,ES9843QPRO,TGWFS0XW86,70C_FT1,2026-01-16 11:20:14,2026-02-02 15:05:29,60181,NS-3,end_lot,22416,22343,17124,2959,2237,2026-02-02 15:05:29,0,
2026-02-02 19:09:55,AP-1,ES9821,TGWDSXX959,25C_BIN1_25C_FT-1,2026-01-30 09:12:00,2026-02-02 19:06:20,131938,CHROMA,running,11869,11858,11490,64,304,2026-02-02 19:04:23,0,
2026-02-02 20:15:25,AP-1,ES9821,TGWDSXX959,25C_BIN1_25C_FT-1,2026-01-30 09:12:00,2026-02-02 20:11:44,131938,CHROMA,running,12278,12268,11881,66,321,2026-02-02 20:11:40,0,
2026-02-02 21:55:15,AP-1,ES9821,TGWDSXX959,25C_BIN1_25C_FT-1,2026-01-30 09:12:00,2026-02-02 21:51:43,131938,CHROMA,running,12877,12866,12450,74,342,2026-02-02 21:49:59,0,
2026-02-02 22:12:32,AP-1,ES9821,TGWDSXX959,25C_BIN1_25C_FT-1,2026-01-30 09:12:00,2026-02-02 22:08:55,131938,CHROMA,running,12972,12961,125668,74,343,2026-02-02 22:05:30,0,
2026-02-02 23:59:24,AP-1,ES9821,TGWDSXX959,25C_BIN1_25C_FT-1,2026-01-30 09:12:00,2026-02-02 23:55:49,131938,CHROMA,running,13635,13624,13190,74,360,2026-02-02 23:54:12,0,
2026-02-03 01:25:36,AP-1,ES9821,TGWDSXX959,25C_BIN1_25C_FT-1,2026-01-30 09:12:00,2026-02-03 01:21:56,131938,CHROMA,running,141880,14129,13679,78,372,2026-02-03 01:17:00,0,
2026-02-03 03:05:37,AP-1,ES9821,TGWDSXX959,25C_BIN1_25C_FT-1,2026-01-30 09:12:00,2026-02-03 03:01:56,131938,CHROMA,running,14769,14758,14284,84,390,2026-02-03 03:00:28,0,
2026-02-03 05:19:33,AP-1,ES9821,TGWDSXX959,25C_BIN1_25C_FT-1,2026-01-30 09:12:00,2026-02-03 05:15:57,131938,CHROMA,running,15590,15579,15086,92,401,2026-02-03 05:15:01,0,
2026-02-03 06:04:25,AP-1,ES9821,TGWDSXX959,25C_BIN1_25C_FT-1,2026-01-30 09:12:00,2026-02-03 06:00:52,131938,CHROMA,running,15841,15831,15328,92,411,2026-02-03 05:56:24,0,
2026-02-03 09:28:54,AP-1,ES9821,TGWDSXX959,25C_BIN1_25C_FT-1,2026-01-30 09:12:00,2026-02-03 09:25:22,131938,CHROMA,running,17104,17093,16556,94,443,2026-02-03 09:23:25,0,
2026-02-03 11:22:55,AP-1,ES9821,TGWDSXX959,25C_BIN1_25C_FT-1,2026-01-30 09:12:00,2026-02-03 11:19:19,131938,CHROMA,running,17793,17782,17206,98,478,2026-02-03 11:17:16,0,
2026-02-03 11:45:29,AP-1,ES9821,TGWDSXX959,25C_BIN1_25C_FT-1,2026-01-30 09:12:00,2026-02-03 11:43:26,131938,CHROMA,running,17950,17939,17351,101,487,2026-02-03 11:43:08,1,
2026-02-03 11:47:07,AP-1,ES9821,TGWDSXX959A,25C_BIN1_25C_FT-1,2026-01-30 09:12:00,2026-02-03 11:43:26,131938,CHROMA,running,17950,17939,17351,101,487,2026-02-03 11:43:08,1,
2026-02-03 12:33:13,AP-1,ES9821,TGWDSXX959,25C_BIN1_25C_FT-1,2026-01-30 09:12:00,2026-02-03 12:31:55,131938,CHROMA,running,18231,18220,17609,106,505,2026-02-03 12:29:42,1,
2026-02-03 12:49:16,AP-1,ES9821,TGWDSXX959,25C_BIN1_25C_FT-1,2026-01-30 09:12:00,2026-02-03 12:45:46,131938,CHROMA,running,18324,183188,17696,106,512,2026-02-03 12:45:14,0,
2026-02-03 12:55:52,AP-1,ES9821,TGWDSXX959,25C_BIN1_25C_FT-1,2026-01-30 09:12:00,2026-02-03 12:52:33,131938,CHROMA,running,18356,18345,17726,106,513,2026-02-03 12:50:24,1,
2026-02-03 13:58:25,S100_2,ES9842QPRO,TGWBS02G30,FT1,2026-01-22 09:39:31,2026-02-03 13:53:20,56860,NS-4,stopped,56863,56842,27835,12579,10274,2026-02-03 13:57:16,1,
2026-02-03 14:05:18,S100_2,ES9842QPRO,TGWBS02G30,FT1,2026-01-22 09:39:31,2026-02-03 13:53:20,56860,NS-4,stopped,56863,56842,27835,12579,10274,2026-02-03 13:57:16,0,
2026-02-04 13:37:43,AP-2,,,,,,,,,,,,,,,1,
2026-02-04 13:49:11,AP-2,ES9842,TGWBS02G30,25C_BIN2_65C_FT-1,2026-02-02 14:46:00,2026-02-04 13:46:30,27835,NS-5,running,26088,26013,14906,1989,8710,,1,
2026-02-06 21:11:20,S100_1,,,,,,,,,,,,,,,1,S100-1
2026-02-07 03:43:28,S100_1,,,,,,,,,,,,,,,1,S100-1
2026-02-07T04:37:43-08:00,S100_1,ES9291Q,TGWDS13A84,B34_25C_FT1-RT1,2026-02-06 14:53:04,2026-02-07 04:35:08,60418,NS-3,running,7676,7664,6682,0,979,,1,S100-1
2026-02-07T04:49:50.062154-08:00,S100_2,ES9820Q,TGWBS00R31,FT1,2026-02-06 12:21:42,2026-02-07 04:42:16,56860,NS-4,running,7474,7468,6033,888,453,,1,S100_2
2026-02-07T04:51:12.078092-08:00,AP-2,ES9842,TGWBS02G30,25C_BIN2_65C_RT-2,2026-02-07 00:01:00,2026-02-07 04:46:18,6822,NS-5,error,11689,11652,6441,888,4253,,1,AP-2
2026-02-07T04:55:58.033712-08:00,AP-1,ES9821,TGWDSXX959,25C_BIN1_25C_FT-1,2026-01-30 09:12:00,2026-02-07 04:52:37,131938,CHROMA,error,39233,39219,37991,193,1035,,1,AP-1
2026-02-09T09:12:30.618900-08:00,AP-2,ES9842,TGWBS02G30,25C_BIN2_65C_RT-3,2026-02-09 08:50:00,2026-02-09 09:10:30,6822,NS-5,maint,232,171,3,6,162,,1,AP-2
2026-02-09T14:55:09.273088-08:00,AP-2,ES9842,TGWBS02G30,25C_BIN1_65C_RT-3,2026-02-09 08:50:00,2026-02-09 14:50:55,6822,NS-5,running,2758,2723,177,151,2388,,1,AP-2
2026-02-09T16:12:02.795073-08:00,S100_1,ES9291Q,TGWDS13A84,B34_25C_FT2-RT1,2026-02-09 11:45:14,2026-02-09 16:07:35,19675,NS-3,stopped,19637,19623,16456,0,3162,,1,S100_1
2026-02-10T09:45:49.625631-08:00,S100_1,ES9291Q,TGWDS13A84,25C_FT1-RT2,2026-02-10 08:58:24,2026-02-10 09:41:15,19675,NS-3,stopped,3172,3154,947,0,2206,,1,S100_1
2026-02-10T13:08:56.479602-08:00,S100_1,ES9291Q,TGWDS13A84,B34_25C_FT2-RT3,2026-02-10 09:51:37,2026-02-10 13:02:08,2206,NS-3,stopped,2220,2216,352,1639,224,,1,S100_1
2026-02-10T14:15:08.786044-08:00,S100_1,ES9291Q,TGWDS13A84,B1_25C_EQ1,2026-02-10 13:37:18,2026-02-10 14:08:53,2206,NS-3,running,284,270,181,0,89,,1,S100_1
2026-02-11T08:27:32.615387-08:00,S100_1,ES9843QPRO,TGWFS0XW86,FT1,2026-02-10 16:01:16,2026-02-11 08:24:46,27890,NS-3,error,2788,2703,2082,384,235,,1,S100_1
2026-02-11T18:37:15+00:00,AP-1,ES9821,TGWDSXX959,25C_BIN1_25C_FT-1,2026-01-30 09:12:00,2026-02-11 10:32:07,131938,CHROMA,running,61304,61290,59409,280,1601,,1,AP-1
2026-02-11T10:45:17.084707-08:00,S100_1,ES9843QPRO,TGWFS0XW86,70C_FT1,2026-01-16 11:20:14,2026-02-11 10:38:47,24260,NS-3,running,3596,3519,2691,522,303,,1,S100_1
2026-02-11T11:56:08.229460-08:00,S100_1,ES9843QPRO,TGWFS0XW86,70C_FT1,2026-01-16 11:20:14,2026-02-11 11:50:50,24260,NS-3,error,3921,3832,2911,585,333,,1,S100_1
2026-02-11T12:25:58.796390-08:00,S100_1,ES9843QPRO,TGWFS0XW86,70C_FT1,2026-01-16 11:20:14,2026-02-11 12:21:45,24260,NS-3,running,4113,4016,3054,612,347,,1,S100_1
2026-02-11T16:32:01.783860-08:00,AP-2,ES9842,TGWBS02G30,25C_BIN2_65C_FT-1,2026-02-02 14:46:00,2026-02-11 16:31:55,14298,NS-5,error,14308,14268,6772,1,5157,,1,AP-2
2026-02-12T01:00:00+00:00,AP-2,ES9842,TGWBS02G30,25C_BIN4_65C_RT-1,2026-02-05 11:05:00,2026-02-11 17:02:48,6822,NS-5,running,232,168,4,5,159,,1,AP-2
2026-02-12T01:00:00+00:00,AP-2,ES9842,TGWBS02G30,25C_BIN4_65C_RT-1,2026-02-05 11:05:00,2026-02-11 17:07:57,6822,NS-5,running,272,208,5,5,197,,1,AP-2
2026-02-11T17:03:45-08:00,AP-2,ES9842,TGWBS02G30,25C_BIN2_65C_RT-1,2026-02-05 11:05:00,2026-02-11 18:04:38,6822,NS-5,running,712,644,19,32,590,,1,AP-2
2026-02-12T00:00:00+00:00,AP-2,ES9842,TGWBS02G30,25C_BIN2_65C_RT-1,2026-02-05 11:05:00,2026-02-11 19:21:54,6822,NS-5,error,1192,1128,44,52,1028,,1,AP-2
2026-02-11T20:01:27,AP-2,ES9842,TGWBS02G30,25C_BIN2_65C_RT-1,2026-02-05 11:05:00,2026-02-11 19:57:48,6822,NS-5,error,1192,1128,44,52,1028,,1,AP-2
2026-02-12T14:34:37+00:00,S100_1,ES9843QPRO,TGWFS0XW86,70C_FT1,2026-01-16 11:20:14,2026-02-12 06:27:45,24260,NS-3,error,7441,7345,5782,976,579,,1,S100-1
2026-02-12T00:00:00+00:00,S100_1,ES9843QPRO,TGWFS0XW86,70C_FT1,2026-01-16 11:20:14,2026-02-12 06:58:34,24260,NS-3,error,7441,7345,5782,976,579,,1,S100-1
2026-02-12T15:04:36+00:00,AP-1,ES9821,TGWDSXX959,25C_BIN1_25C_FT-1,2026-01-30 09:12:00,2026-02-12 06:57:44,131938,CHROMA,error,65523,65508,63483,302,1723,,1,AP-1
2026-02-12T15:04:37+00:00,AP-2,ES9842,TGWBS02G30,25C_BIN2_65C_RT-1,2026-02-05 11:05:00,2026-02-12 06:59:41,6822,NS-5,running,1832,1766,65,94,1599,,1,AP-2
2026-02-12T15:04:38+00:00,S100_1,ES9843QPRO,TGWFS0XW86,70C_FT1,2026-01-16 11:20:14,2026-02-12 06:58:34,24260,NS-3,error,7441,7345,5782,976,579,,1,S100-1
2026-02-12T15:04:39+00:00,S100_2,ES9820Q,TGWBS00R31,FT1,2026-02-06 12:21:42,2026-02-12 06:58:39,56860,NS-4,error,35484,35468,26059,56,4953,,1,S100-2
2026-02-12T16:04:02+00:00,S100_1,ES9843QPRO,TGWFS0XW86,70C_FT1,2026-01-16 11:20:14,2026-02-12 08:00:11,24260,NS-3,error,7441,7345,5782,976,579,,1,S100-1
2026-02-12T16:16:23+00:00,S100_1,ES9843QPRO,TGWFS0XW86,70C_FT1,2026-01-16 11:20:14,2026-02-12 08:15:36,24260,NS-3,error,7441,7345,5782,976,579,,1,S100-1
2026-02-12T16:26:14+00:00,S100_1,ES9843QPRO,TGWFS0XW86,70C_FT1,2026-01-16 11:20:14,2026-02-12 08:20:44,24260,NS-3,running,7473,7375,5803,981,583,,1,S100-1
2026-02-12T16:36:00.791531+00:00,S100_1,ES9843QPRO,TGWFS0XW86,70C_FT1,2026-01-16 11:20:14,2026-02-12 08:31:05,24260,NS-3,running,7577,7479,5893,989,588,,1,S100-1
2026-02-12T17:30:26.955313+00:00,S100_1,ES9843QPRO,TGWFS0XW86,70C_FT1,2026-01-16 11:20:14,2026-02-12 09:27:53,24260,NS-3,running,8045,7947,6307,1018,610,,1,S100-1
2026-02-12T17:52:02.756719+00:00,S100_1,ES9843QPRO,TGWFS0XW86,70C_FT1,2026-01-16 11:20:14,2026-02-12 09:48:34,24260,NS-3,running,8237,8141,6468,1041,618,,1,S100-1
2026-02-12T17:58:12.447883+00:00,S100_1,ES9843QPRO,TGWFS0XW86,70C_FT1,2026-01-16 11:20:14,2026-02-12 09:53:44,24260,NS-3,running,8289,8191,6508,1049,620,,1,S100-1
2026-02-12T12:47:04.631132-08:00,S100_1,ES9843QPRO,TGWFS0XW86,70C_FT1,2026-01-16 11:20:14,2026-02-12 12:44:15,24260,NS-3,running,9953,9857,7823,1189,788,,1,S100_1
2026-02-12T12:48:20.406447-08:00,S100_1,ES9843QPRO,TGWFS0XW86,70C_FT1,2026-01-16 11:20:14,2026-02-12 12:44:15,24260,NS-3,running,9953,9857,7823,1189,788,,1,S100_1
2026-02-12T12:49:48.945067-08:00,S100_1,ES9843QPRO,TGWFS0XW86,70C_FT1,2026-01-16 11:20:14,2026-02-12 12:44:15,24260,NS-3,running,9953,9857,7823,1189,788,,1,S100_1
2026-02-12T12:53:00.168999-08:00,S100_1,ES9843QPRO,TGWFS0XW86,70C_FT1,2026-01-16 11:20:14,2026-02-12 12:49:25,24260,NS-3,running,10005,9909,7823,1189,797,,1,S100_1
2026-02-12T12:53:58.986905-08:00,S100_1,ES9843QPRO,TGWFS0XW86,70C_FT1,2026-01-16 11:20:14,2026-02-12 12:49:25,24260,NS-3,running,10005,9909,7823,1189,797,,1,S100_1
2026-02-12T13:09:19.228199-08:00,S100_1,ES9843QPRO,TGWFS0XW86,70C_FT1,2026-01-16 11:20:14,2026-02-12 13:04:55,24260,NS-3,running,10153,10057,8023,1204,814,,1,S100_1
2026-02-12T13:18:33.772545-08:00,S100_1,ES9843QPRO,TGWFS0XW86,70C_FT1,2026-01-16 11:20:14,2026-02-12 13:15:15,24260,NS-3,running,10257,10159,8118,1207,818,,1,S100_1
2026-02-12T13:25:52.174078-08:00,AP-1,ES9821,TGWDSXX959,25C_BIN1_25C_FT-1,2026-01-30 09:12:00,2026-02-12 13:19:10,131938,CHROMA,running,67011,66996,64929,306,1761,,1,AP-1
2026-02-12T13:32:36.780617-08:00,S100_2,ES9820Q,TGWBS00R31,FT1,2026-02-06 12:21:42,2026-02-12 13:25:45,56860,NS-4,running,37844,37827,27565,4802,5455,,1,S100_2
2026-02-12T13:32:54.307341-08:00,S100_2,ES9820Q,TGWBS00R31,FT1,2026-02-06 12:21:42,2026-02-12 13:25:45,56860,NS-4,running,37844,37827,27565,4802,5455,,1,S100_2
2026-02-12T13:34:49.518963-08:00,AP-2,ES9842,TGWBS02G30,25C_BIN2_65C_RT-1,2026-02-05 11:05:00,2026-02-12 13:31:39,6822,NS-5,running,4784,4718,184,252,4266,,1,AP-2
2026-02-12T13:43:38.579043-08:00,AP-2,ES9842,TGWBS02G30,25C_BIN2_65C_RT-1,2026-02-05 11:05:00,2026-02-12 13:36:49,6822,NS-5,running,4824,4758,184,252,4306,,1,AP-2
2026-02-12T13:45:13.812116-08:00,AP-1,ES9821,TGWDSXX959,25C_BIN1_25C_FT-1,2026-01-30 09:12:00,2026-02-12 13:39:53,131938,CHROMA,running,67136,67121,65050,307,1764,,1,AP-1
2026-02-12T13:46:22.076310-08:00,AP-2,ES9842,TGWBS02G30,25C_BIN2_65C_RT-1,2026-02-05 11:05:00,2026-02-12 13:41:59,6822,NS-5,running,4864,4798,188,252,4342,,1,AP-2
2026-02-12T14:32:59.665354-08:00,AP-2,ES9842,TGWBS02G30,25C_BIN2_65C_RT-1,2026-02-05 11:05:00,2026-02-12 14:28:22,6822,NS-5,running,5175,5138,190,262,4669,,1,AP-2
2026-02-12T16:54:25.253072-08:00,AP-2,ES9820,TGWBS00R31,25C_BIN1_65C_FT-1,2026-02-12 14:46:00,2026-02-12 16:47:22,56860,NS-5,running,1252,1188,1018,128,37,,1,AP-2
2026-02-12T17:38:26.116582-08:00,AP-2,ES9820,TGWBS00R31,25C_BIN1_65C_FT-1,2026-02-12 14:46:00,2026-02-12 17:33:47,56860,NS-5,running,1752,1686,1408,172,51,,1,AP-2
2026-02-12T17:40:31.515254-08:00,S100_2,ES9820Q,TGWBS00R31,FT1,2026-02-06 12:21:42,2026-02-12 17:33:32,56860,NS-4,running,39919,39902,29265,73,5564,,1,S100_2
2026-02-13T11:58:53.422463-08:00,S100_2,ES9820Q,TGWBS00R31,FT1,2026-02-06 12:21:42,2026-02-13 11:37:20,56860,NS-4,stopped,43281,43264,32019,50,5795,,1,S100_2
2026-02-13T11:59:22.612535-08:00,S100_2,ES9820Q,TGWBS00R31,FT1,2026-02-06 12:21:42,2026-02-13 11:37:20,56860,NS-4,stopped,43281,43264,32019,50,5795,,1,S100_2
2026-02-13T11:59:57.278581-08:00,S100_1,ES9843QPRO,TGWFS0XW86,70C_FT1,2026-01-16 11:20:14,2026-02-13 11:33:22,24260,NS-3,error,14117,14021,11184,1657,1146,,1,S100_1
2026-02-13T11:59:18.183751-08:00,AP-1,ES9821,TGWDSXX959,25C_BIN1_25C_FT-1,2026-01-30 09:12:00,2026-02-13 11:33:03,131938,CHROMA,running,74362,74347,72053,334,1960,,1,AP-1
2026-02-13T12:00:23.109413-08:00,AP-2,ES9820,TGWBS00R31,25C_BIN1_65C_FT-1,2026-02-12 14:46:00,2026-02-13 11:32:47,56860,NS-5,running,4052,3984,3448,401,119,,1,AP-2
2026-02-13T12:25:54.275208-08:00,S100_1,ES9843QPRO,TGWFS0XW86,70C_FT1,2026-01-16 11:20:14,2026-02-13 11:33:22,24260,NS-3,error,14117,14021,11184,1657,1146,,1,S100_1
2026-02-13T12:29:20.470421-08:00,S100_2,ES9820Q,TGWBS00R31,FT1,2026-02-06 12:21:42,2026-02-13 11:37:20,56860,NS-4,stopped,43281,43264,32019,50,5795,,1,S100_2
2026-02-13T12:51:39.550989-08:00,AP-2,ES9820,TGWBS00R31,25C_BIN1_65C_FT-1,2026-02-12 14:46:00,2026-02-13 11:32:47,56860,NS-5,running,4052,3984,3448,401,119,,1,AP-2
2026-02-14T11:10:36.172591-08:00,S100_1,ES9843QPRO,TGWFS0XW86,70C_FT1,2026-01-16 11:20:14,2026-02-13 11:33:22,24260,NS-3,error,14117,14021,11184,1657,1146,,1,S100_1
2026-02-15T15:44:48.017658-08:00,S100_1,ES9843QPRO,TGWFS0XW86,B3467_70C_FT1-RT1,2026-02-14 11:35:44,2026-02-15 15:14:26,49942,NS-3,error,6332,6268,1252,378,4618,,1,S100_1
2026-02-15T15:51:33.817468-08:00,S100_2,ES9820Q,TGWBS00R31,FT1,2026-02-06 12:21:42,2026-02-15 15:13:58,56860,NS-4,stopped,56824,56804,42868,43,6693,,1,S100_2
2026-02-16T08:43:17.119220-08:00,S100_1,ES9843QPRO,TGWFS0XW86,B3467_70C_FT1-RT2,2026-02-16 08:30:41,2026-02-16 08:38:17,4680,NS-3,error,4680,4628,333,131,4157,,1,S100_1
2026-02-16T10:23:59.013509-08:00,S100_2,ES9820Q,TGWBS00R31,B34_25C_FT1-RT1,2026-02-15 15:56:22,2026-02-16 10:18:13,6700,NS-4,error,6693,6688,2895,627,3165,,1,S100_2
2026-02-16T13:02:48.808553-08:00,S100_2,ES9820Q,TGWBS00R31,25C_FT1-RT2,2026-02-16 10:52:15,2026-02-16 12:57:45,3176,NS-4,running,689,682,0,12,663,,1,S100_2
2026-02-16T13:49:41.635551-08:00,S100_2,ES9820Q,TGWBS00R31,25C_EQ1,2026-02-16 13:25:05,2026-02-16 13:44:00,3176,NS-4,running,182,177,168,7,0,,1,S100_2
2026-02-17T13:03:23.806902-08:00,S100_1,ES9843QPRO,TGWFS0XW86,B2_25C_FT2,2026-02-16 13:31:22,2026-02-17 12:57:54,8298,NS-3,stopped,6136,6116,825,4264,1027,,1,S100_1
2026-02-17T15:14:31.310795-08:00,S100_1,ES9843QPRO,TGWFS0XW86,B3467_25C_FT2-RT1,2026-02-17 13:08:29,2026-02-17 14:30:38,8298,NS-3,running,1068,1056,5,291,760,,1,S100_1
2026-02-18T16:37:46.291684-08:00,AP-2,ES9820,TGWBS00R31,25C_BIN1_65C_FT-1,2026-02-12 14:46:00,2026-02-18 16:36:24,45794,NS-5,error,45798,45747,39708,4367,1488,,1,AP-2
2026-02-18T20:06:01.755605-08:00,AP-2,ES9820,TGWBS00R31,25C_BIN1_65C_RT-1,2026-02-18 16:44:00,2026-02-18 20:02:32,1488,NS-5,running,1471,1447,477,777,767,,1,AP-2
2026-02-18T20:10:42.614789-08:00,AP-2,ES9820,TGWBS00R31,25C_BIN1_65C_RT-1,2026-02-18 16:44:00,2026-02-18 20:07:41,,NS-5,stopped,?,?,?,?,?,,1,AP-2
2026-02-18T20:14:36.298566-08:00,AP-2,ES9820,TGWBS00R31,65C_BIN4_65C_RT-2,2026-02-18 20:08:00,2026-02-18 20:07:41,,NS-5,stopped,?,?,?,?,?,,1,AP-2
2026-02-19T10:08:34.483443-08:00,AP-2,ES9820,TGWBS00R31,65C_BIN4_65C_RT-3,2026-02-19 08:26:00,2026-02-19 10:05:23,,NS-5,running,590,574,49,49,475,,1,AP-2
2026-02-20T14:25:51.835838-08:00,AP-2,ES9820,TGWBS00R31,65C_BIN2_65C_FT-1,2026-02-19 10:34:00,2026-02-20 14:22:51,7890,NS-5,running,7891,7866,1521,4051,2235,,1,AP-2
