TESTER,AP-1,HP-1,S100_2,AP-2,S100_1
PRODUCT,ES9826,ES9028WDPRO,ES9842QPRO,ES9820,ES9821Q
PROGRAM REVISION,v1.2.0.4,ES9028PRO_WD_Rev_G,ES9842QPRO_REV_J,v1.1.9.1,ES9821Q_FT_25C_REV_E
LOT NUMBER,TGWCSYP291,TGWDS11Y70A,TGWBS1GK94,TGWBS13A82,TGWDSXX548
TEST STEP,25C_BIN1_75C_FT-1_AP-1,FT,25C_FT1,25C_BIN1_65C_RT-2,25C_FT1
TEMPERATURE,76.7,,23.5,66.0,23.7
DATE LOT STARTED,2026-09-28 09:41:00,2026-09-30 15:00:52,2026-09-14 16:38:11,2026-09-30 13:47:00,2026-09-30 08:39:15
LAST UPDATE,2026-09-30 16:46:08,2026-09-30 15:00:52,2026-09-30 16:46:54,2026-09-30 16:46:43,2026-09-30 16:46:46
TOTAL IN,114015,2596,21124,7015,102915
HANDLER,CHROMA,NS-3,NS-4,NS-5,NS-6
STATUS,running,running,running,running,running
SITES,dual,single site 1,,single site 2,
LOADING COUNTS,18739,450,13476,493,8020
TOTAL,18725,445,13471,458,8009
AUTO1,18616,355,2071,240,5012
AUTO2,102,90,9691,0,2927
AUTO3,0,0,1705,155,0
LAST UPDATE,2026-09-30 16:46:31,2026-09-30 16:47:49,2026-09-30 16:46:07,2026-09-30 16:44:59,2026-09-30 16:46:29
STATUS SINCE,2026-09-30 08:05:22,2026-09-30 15:12:44,2026-09-30 07:56:47,2026-09-30 16:48:12,2026-09-30 14:54:44
RUNNING HOURS,8.66,1.53,8.8,2.32,1.83
UP TIME PCT,15.71%,85.52%,2.29%,76.82%,22.46%
